{
    "project_info": {
      "project_number": "918735550240",
      "project_id": "oops-message",
      "storage_bucket": "oops-message.appspot.com"
    },
    "client": [
      {
        "client_info": {
          "mobilesdk_app_id": "1:918735550240:android:f3c319e6c3f753ae504945",
          "android_client_info": {
            "package_name": "com.example.oops"
          }
        },
        "oauth_client": [
          {
            "client_id": "918735550240-e16vkrk7udnhqmbmkd9sqrdso8aompq0.apps.googleusercontent.com",
            "client_type": 1,
            "android_info": {
              "package_name": "com.example.oops",
              "certificate_hash": "1074d21dd7ba61efa2e1ffa98eac98fd599d1929"
            }
          },
          {
            "client_id": "918735550240-45h0fo3hjb6mgn2g2r41lpgnvlue8d2o.apps.googleusercontent.com",
            "client_type": 3
          }
        ],
        "api_key": [
          {
            "current_key": "AIzaSyDfAK42_mc-AiAZ5yUlwjulZ7Q20kMFa0E"
          }
        ],
        "services": {
          "appinvite_service": {
            "other_platform_oauth_client": [
              {
                "client_id": "918735550240-45h0fo3hjb6mgn2g2r41lpgnvlue8d2o.apps.googleusercontent.com",
                "client_type": 3
              }
            ]
          }
        }
      }
    ],
    "configuration_version": "1"
  }